{"generation": 0, "time": 27.550227165222168, "best_reward": -100.55344709681059}
{"generation": 1, "time": 41.820276498794556, "best_reward": -100.38031424043423}
{"generation": 2, "time": 63.568652391433716, "best_reward": -99.32874751835185}
{"generation": 3, "time": 83.81403613090515, "best_reward": -98.75133541893916}
{"generation": 4, "time": 102.21508717536926, "best_reward": -99.24972830242125}
{"generation": 5, "time": 115.60197615623474, "best_reward": -77.94221724202231}
{"generation": 6, "time": 157.87518882751465, "best_reward": -6.967212456448383}
{"generation": 7, "time": 235.43967843055725, "best_reward": 4.0337497736802606}
{"generation": 8, "time": 306.0480396747589, "best_reward": 49.03192780906094}
{"generation": 9, "time": 371.33253359794617, "best_reward": 48.873106252288096}
{"generation": 10, "time": 446.2834372520447, "best_reward": 57.97184107386381}
{"generation": 11, "time": 513.5265235900879, "best_reward": 60.31313098425614}
{"generation": 12, "time": 585.8557381629944, "best_reward": 76.8690366950796}
{"generation": 13, "time": 642.8607940673828, "best_reward": 83.06778130088391}
{"generation": 14, "time": 717.2085001468658, "best_reward": 81.85620174863396}
{"generation": 15, "time": 784.9579751491547, "best_reward": 90.02920495281843}
{"generation": 16, "time": 857.0041325092316, "best_reward": 90.09357609311087}
{"generation": 17, "time": 924.6867809295654, "best_reward": 92.10645014630599}
{"generation": 18, "time": 1016.465005159378, "best_reward": 97.3605424604943}
{"generation": 19, "time": 1077.0211696624756, "best_reward": 104.15593250692842}
{"generation": 20, "time": 1153.1619338989258, "best_reward": 106.76538099112197}
{"generation": 21, "time": 1242.6008536815643, "best_reward": 111.23791885463572}
{"generation": 22, "time": 1318.568956375122, "best_reward": 113.20171089008153}
{"generation": 23, "time": 1391.3150718212128, "best_reward": 106.72988578264695}
{"generation": 24, "time": 1471.2728154659271, "best_reward": 108.16100278337926}
{"generation": 25, "time": 1558.7786848545074, "best_reward": 110.15354166102269}
{"generation": 26, "time": 1644.5793652534485, "best_reward": 113.05539079064108}
{"generation": 27, "time": 1721.6286787986755, "best_reward": 111.46163398846943}
{"generation": 28, "time": 1794.1184213161469, "best_reward": 115.62067218539146}
{"generation": 29, "time": 1856.20094704628, "best_reward": 114.89627541073577}
{"generation": 30, "time": 1937.9194762706757, "best_reward": 116.12496913968674}
{"generation": 31, "time": 2010.4741599559784, "best_reward": 117.57408079824496}
{"generation": 32, "time": 2086.912010908127, "best_reward": 121.46376480334841}
{"generation": 33, "time": 2177.6405568122864, "best_reward": 117.49359172209047}
{"generation": 34, "time": 2268.2201788425446, "best_reward": 117.20462907329573}
{"generation": 35, "time": 2353.238083600998, "best_reward": 119.16219420035897}
{"generation": 36, "time": 2431.928497314453, "best_reward": 114.9470855248746}
{"generation": 37, "time": 2518.1615273952484, "best_reward": 118.6121362371346}
{"generation": 38, "time": 2602.6941916942596, "best_reward": 125.43325700159717}
{"generation": 39, "time": 2680.7156920433044, "best_reward": 122.8471310359105}
{"generation": 40, "time": 2762.9865233898163, "best_reward": 125.4130526459259}
{"generation": 41, "time": 2847.6694445610046, "best_reward": 123.83025402835774}
{"generation": 42, "time": 2931.2915024757385, "best_reward": 123.19274723489546}
{"generation": 43, "time": 3019.81658411026, "best_reward": 125.07645371730848}
{"generation": 44, "time": 3101.5454573631287, "best_reward": 127.33096417118186}
{"generation": 45, "time": 3182.9857137203217, "best_reward": 128.39957131144092}
{"generation": 46, "time": 3270.7457921504974, "best_reward": 129.5964961038442}
{"generation": 47, "time": 3355.678415298462, "best_reward": 124.3214410536757}
{"generation": 48, "time": 3442.4960029125214, "best_reward": 125.27516061495265}
{"generation": 49, "time": 3523.877366065979, "best_reward": 128.90815498954825}
{"generation": 50, "time": 3618.695430278778, "best_reward": 125.89742183791698}
{"generation": 51, "time": 3703.899066209793, "best_reward": 126.36896718924476}
{"generation": 52, "time": 3791.3343918323517, "best_reward": 124.45129792212653}
{"generation": 53, "time": 3887.42875957489, "best_reward": 130.9452503875318}
{"generation": 54, "time": 3965.2769911289215, "best_reward": 132.8173741972444}
{"generation": 55, "time": 4053.745848417282, "best_reward": 132.82672606209726}
{"generation": 56, "time": 4143.749635696411, "best_reward": 137.56145111448822}
{"generation": 57, "time": 4227.647408485413, "best_reward": 139.52498942830118}
{"generation": 58, "time": 4314.47545170784, "best_reward": 135.24937217502594}
{"generation": 59, "time": 4399.492528676987, "best_reward": 131.78804801376575}
{"generation": 60, "time": 4470.845542669296, "best_reward": 150.05474528983575}
{"generation": 61, "time": 4552.223200798035, "best_reward": 137.05312743703118}
{"generation": 62, "time": 4633.512983560562, "best_reward": 139.88572244000022}
{"generation": 63, "time": 4713.578223228455, "best_reward": 140.1818642554858}
{"generation": 64, "time": 4794.01029086113, "best_reward": 142.06300072332664}
{"generation": 65, "time": 4878.101410627365, "best_reward": 150.10477145348275}
{"generation": 66, "time": 4969.413241863251, "best_reward": 159.19632159986796}
{"generation": 67, "time": 5054.613296747208, "best_reward": 159.42240669337968}
{"generation": 68, "time": 5141.615882396698, "best_reward": 165.02416924358087}
{"generation": 69, "time": 5217.901689291, "best_reward": 167.38073761163824}
{"generation": 70, "time": 5295.906006336212, "best_reward": 169.48837701630237}
{"generation": 71, "time": 5391.139376163483, "best_reward": 170.50811130420027}
{"generation": 72, "time": 5469.352502822876, "best_reward": 165.64882566346117}
{"generation": 73, "time": 5554.646214008331, "best_reward": 169.50611433397955}
{"generation": 74, "time": 5647.087270021439, "best_reward": 166.49566991646984}
{"generation": 75, "time": 5734.915959119797, "best_reward": 164.37457673440602}
{"generation": 76, "time": 5824.101043224335, "best_reward": 163.68742636714606}
{"generation": 77, "time": 5913.589736700058, "best_reward": 173.46797361855155}
{"generation": 78, "time": 6002.704679489136, "best_reward": 177.64585062734537}
{"generation": 79, "time": 6096.157874584198, "best_reward": 178.58422030976817}